split,image,status,exists,width,height,pixels,sha256_matches_prepared
train,dcb828d6-2de7-4858-af50-d0f33fcd4ebb.png,ok,True,1424,929,1322896,True
train,6107797e-808f-40eb-9daa-475b23e4eb21.png,ok,True,1036,931,964516,True
train,a9e489f3-bc46-4af7-8773-5bc008df61b5.png,ok,True,1096,926,1014896,True
train,4254f3ba-7407-4b50-a27b-390a78c302bb.png,ok,True,1053,912,960336,True
train,b01ac9ac-a474-4e89-a3f8-3adf52034097.png,ok,True,697,675,470475,True
train,8582f0cd-62e7-48a4-94ad-447b7fc48f8a.png,ok,True,714,605,431970,True
train,f91cfa38-ebc2-4a56-9704-dfe8cc9d8c5c.png,ok,True,689,618,425802,True
train,5ca129c5-d60b-478e-ba99-32f429d5b19b.png,ok,True,704,614,432256,True
train,80d4c8cb-680c-4ebd-bfb4-54d934628ff7.png,ok,True,604,472,285088,True
train,2b02d094-9c4f-465a-8fbd-22ca31805510.png,ok,True,595,472,280840,True
train,c8bc9fe5-bd10-4169-be96-65112b0de815.png,ok,True,748,496,371008,True
train,1b97031e-ce65-4ac5-8f84-f1afbbdaa156.png,ok,True,870,688,598560,True
train,bdca69b2-2032-46b0-98d6-0ed312575d09.png,ok,True,582,556,323592,True
train,79d33e8c-9809-48b8-9f49-25c95cfb8456.png,ok,True,597,550,328350,True
train,ab6ecb79-0ce3-4116-8bff-adf5790014de.png,ok,True,591,595,351645,True
train,4b6d11f1-cbdf-4cf1-b2ac-51535e7f6d3f.png,ok,True,561,583,327063,True
train,3740a84b-7160-4675-b417-47adc4365ac4.png,ok,True,949,521,494429,True
train,2bddcdf1-83e9-4657-9b41-062b4dc64955.png,ok,True,1047,499,522453,True
train,79457c21-e006-46fd-9e67-dc01b6464e27.png,ok,True,751,590,443090,True
train,fd3a149a-410f-488a-a5f8-3dc977b95b0e.png,ok,True,1013,572,579436,True
train,97d35f52-8e2f-4484-a55e-652c76178226.png,ok,True,406,343,139258,True
train,bf266787-524f-43c4-ad8c-7befb7d31387.png,ok,True,1207,774,934218,True
train,352ddb5a-e93d-4215-b297-4250f299bda8.png,ok,True,709,618,438162,True
train,49b1ec89-ac6b-4446-be3d-30f4994652bd.png,ok,True,708,621,439668,True
train,db61281d-20c9-4487-a448-7951b5a07884.png,ok,True,709,621,440289,True
train,d155e027-8850-460e-80a8-5456d4d92a10.png,ok,True,949,789,748761,True
train,875908c8-e76f-4f02-8152-4c28fb3f21c4.png,ok,True,706,618,436308,True
train,d6f0efa0-19f9-48e9-854d-129ca289f985.png,ok,True,709,610,432490,True
train,fbb0298a-3638-437f-971f-59b9023d5be9.png,ok,True,622,448,278656,True
train,3fb46d2e-e2bf-47c7-8c9f-dd663836ffb4.png,ok,True,721,550,396550,True
train,f7126693-20d8-4f5f-a6ab-1b37dc6f48ad.png,ok,True,663,502,332826,True
train,722ab807-e0b5-4d4b-9c90-7adec51f5a4f.png,ok,True,616,502,309232,True
train,3254cbbb-da1f-4742-be54-5efe88476461.png,ok,True,643,456,293208,True
train,6f184c9b-057d-4368-b94a-d88337c6ee94.png,ok,True,600,436,261600,True
train,069e3210-011b-4a2a-ac90-3bf65258cfaf.png,ok,True,795,437,347415,True
train,6e2ee6e9-cd5f-44ef-b30c-da90cc127313.png,ok,True,777,454,352758,True
train,3a5ee238-c6ba-4073-a830-c59653d46091.png,ok,True,1551,397,615747,True
train,a0ea4792-cfdb-4a97-9ce0-4181e00f3214.png,ok,True,1015,524,531860,True
train,a00390c6-1a83-47ba-9347-b0e8f2ebd9ca.png,ok,True,1073,535,574055,True
train,aa80c015-769a-4789-90fc-fdcc7699a59c.png,ok,True,1012,518,524216,True
train,0733b8a1-6a55-40c4-963b-a64b083d2b1a.png,ok,True,983,628,617324,True
train,cc35c2a2-1f25-4e00-b275-09bd3f957613.png,ok,True,895,586,524470,True
train,40e8b71f-98b9-41e4-8200-534f261883c7.png,ok,True,1147,530,607910,True
train,58d2ea1a-1ac0-4636-b15b-b2421bd3531d.png,ok,True,1144,535,612040,True
train,4dda3978-1833-4c87-8d6a-0081c4743695.png,ok,True,1167,553,645351,True
train,3cf81a90-8901-48bc-a698-fd5a673e69a5.png,ok,True,1037,572,593164,True
train,056daadc-24c4-4285-b7c5-b5571779df93.png,ok,True,1088,527,573376,True
train,6510c384-3360-49bc-87ad-83e48c93dce5.png,ok,True,1164,549,639036,True
train,fd6d0a0a-d856-430d-9aad-067a95880922.png,ok,True,1036,474,491064,True
train,576f385a-45dd-4c62-855e-b05f5158e1f2.png,ok,True,1600,813,1300800,True
train,5b6a4ff2-1950-4c49-833d-116d601a2f65.png,ok,True,1600,766,1225600,True
train,8559119d-a0f2-48b4-90dc-0b8bb91ba503.png,ok,True,1078,524,564872,True
train,755bfe46-aaa4-4f19-bba8-85e2b05e1045.png,ok,True,1009,515,519635,True
train,42eb070e-2687-4b31-bcac-17768d142a45.png,ok,True,1108,535,592780,True
train,1745c7a6-dd46-4010-96fb-61ddf2c4b356.png,ok,True,1094,505,552470,True
train,8e8a9747-6a95-4725-84f2-b5c890b7f1ac.png,ok,True,1093,531,580383,True
train,b8a631bd-88c3-4325-8ff2-12a9b7c75128.png,ok,True,1057,516,545412,True
train,dea87fe4-a70d-4d9c-b57e-c317a0b2f6a3.png,ok,True,1237,604,747148,True
train,49fb05e0-4e72-4527-8e17-03274c8e47f8.png,ok,True,771,600,462600,True
train,c5785007-2d3a-4770-86db-1fc123887be1.png,ok,True,1267,412,522004,True
train,f76bc394-63b6-4ece-ab9d-0103ff1d97c8.png,ok,True,622,391,243202,True
train,9ea56ae3-03e6-4821-adb6-58c9c791293f.png,ok,True,630,403,253890,True
train,b22331cb-66ba-4099-964f-40501e916689.png,ok,True,639,385,246015,True
train,b549534a-10a2-4bf9-a537-2b2f25db7a05.png,ok,True,628,381,239268,True
train,94189ba9-375a-4748-a34d-739fcb853a9c.png,ok,True,642,442,283764,True
train,ff559643-21c2-4e8c-bedb-772c6301a7de.png,ok,True,429,442,189618,True
train,c51fcf89-dcec-4a9f-a77e-ba8a9137f695.png,ok,True,517,418,216106,True
train,0bb2e163-5872-4396-9906-130d59c0eb4a.png,ok,True,504,408,205632,True
train,7acfc3bb-0b2e-45bc-9689-c63b17293f7d.png,ok,True,523,472,246856,True
train,19b0621d-9ab5-40be-8f0e-0a6d54c89468.png,ok,True,502,490,245980,True
train,9992abc8-e406-4a63-9953-16c3ebc31152.png,ok,True,712,552,393024,True
train,afab9ae8-52de-44ca-a40a-65ac230a2da2.png,ok,True,630,436,274680,True
train,ee9b8a42-b76b-446b-81e7-580fb811f95b.png,ok,True,622,433,269326,True
train,80339a05-e1c0-4872-8052-15fb7acd74d6.png,ok,True,649,508,329692,True
train,d6460f8e-0d19-40d6-9420-faa7a8cc15ee.png,ok,True,637,507,322959,True
train,6fa6518e-5eed-4524-bd60-baedb618bebc.png,ok,True,652,454,296008,True
train,c47058f3-b8e6-442c-aef6-c53e1452f7a6.png,ok,True,609,462,281358,True
train,d3892781-6bdd-437a-8c6f-5fd78d16ccd9.png,ok,True,1225,591,723975,True
train,ae0f3d76-c386-4b86-9839-62182a1a8881.png,ok,True,1071,472,505512,True
train,67217dca-a1c1-453a-8105-a2cbfc17f301.png,ok,True,555,420,233100,True
train,4445bcf8-1010-4131-945b-31e81b5cb882.png,ok,True,733,538,394354,True
train,e00c1ebc-1095-4391-a0ce-9dc9b2360a7a.png,ok,True,1280,970,1241600,True
train,a5863e45-ad0b-47b1-b8b9-5c3c59a62462.png,ok,True,1255,952,1194760,True
train,c7ab79a4-c2c4-49f9-bffa-2fc6b2c66f7f.png,ok,True,1239,958,1186962,True
train,05e9c3ea-e12c-4f96-990a-9b0005c9e501.png,ok,True,627,415,260205,True
train,948a469e-2cfc-4b89-a3fd-034d760c7895.png,ok,True,633,397,251301,True
train,e20346d6-4419-44c6-a87a-c127152e92b1.png,ok,True,667,439,292813,True
train,d4b81727-f0c1-46aa-945c-46541da976eb.png,ok,True,610,435,265350,True
train,720cd5d6-c314-4027-8fac-dd8f77e1be00.png,ok,True,868,540,468720,True
train,31bc4361-0ea9-4f60-86d6-97abbafe22d7.png,ok,True,859,668,573812,True
train,a3d6d0d5-71ad-4b78-a84d-9964410af336.png,ok,True,892,900,802800,True
train,ea6db2ce-598e-4027-a6d0-efe8dfdcb1e9.png,ok,True,969,895,867255,True
train,2dfbeee9-6416-47ad-9d90-115f644ea4df.png,ok,True,905,907,820835,True
train,5942ae4c-4b16-42f7-8315-b9d00333ac62.png,ok,True,887,896,794752,True
train,0d617d3f-e641-487f-a1af-866e9ec96688.png,ok,True,1420,746,1059320,True
train,d2c8bac5-7ae3-4e0c-b920-db54e0543ae6.png,ok,True,1489,767,1142063,True
train,2792d21a-4eaf-4ea5-8698-07b667eebdb4.png,ok,True,709,544,385696,True
train,94bb699e-6566-4a30-9e9f-1e8b652b6f14.png,ok,True,658,480,315840,True
train,70717881-2e7b-47ae-82ec-e36e4991abf9.png,ok,True,1055,765,807075,True
train,e006afce-5c48-4178-8765-dc9ad7ec04eb.png,ok,True,1060,794,841640,True
train,8eacdc1b-2934-4aa3-8e64-0728fcd2d6e9.png,ok,True,1058,817,864386,True
train,15091b50-e1b8-4a6d-a980-8dc3dd129ffd.png,ok,True,1084,793,859612,True
train,4bc1e1c0-225c-44c5-b981-b63bfbd41af4.png,ok,True,1047,753,788391,True
train,b33c1556-baac-431e-a0e1-ba3ffdec3057.png,ok,True,1046,734,767764,True
train,20089351-ed31-4b96-ac3e-d92e068b2221.png,ok,True,1462,935,1366970,True
train,ce8ae9a2-b2ab-40dd-af73-4907cd67f415.png,ok,True,579,436,252444,True
train,140bbdbc-cce8-4905-aea3-fd92de4bb1ca.png,ok,True,891,729,649539,True
train,c324a672-bad4-41fd-82c7-349b561accc3.png,ok,True,1467,609,893403,True
train,3c19d8f3-13ea-4cca-811e-0ec01c9b2440.png,ok,True,1082,704,761728,True
train,117a4309-f717-495a-bcc7-303f93f87f83.png,ok,True,941,611,574951,True
train,f1701269-f769-4370-8bcd-c94e4faa8f1d.png,ok,True,697,521,363137,True
train,91833dc9-7f8c-4480-a38d-e91332c41d97.png,ok,True,636,421,267756,True
train,d9917624-15fe-41a8-9830-8bbe62095809.png,ok,True,724,544,393856,True
train,4f8911ed-a1dc-4d30-9452-74c9ec558ac0.png,ok,True,1137,491,558267,True
train,396225b9-b3a6-48de-a04d-8de13a1416fd.png,ok,True,1149,513,589437,True
train,31654b1b-fd1a-474d-ad36-0d0bf7d1aa81.png,ok,True,1143,699,798957,True
train,118dfa94-8d4e-462d-9404-66caea1326ea.png,ok,True,1135,447,507345,True
train,f5662cdd-827b-4311-bd57-f97d3879bfda.png,ok,True,669,451,301719,True
train,69eacb57-a8a2-4274-adb3-1ac311d5ec3a.png,ok,True,1139,523,595697,True
train,22d72b30-3127-43fc-b625-e5eed7180cf1.png,ok,True,1112,534,593808,True
train,b9dd9800-0e5b-43ca-84d9-955b460f4870.png,ok,True,1152,492,566784,True
train,b6f4a71d-d0be-4d97-ad30-90335a0e0638.png,ok,True,1108,484,536272,True
train,ab50a610-c8d0-4339-9869-5fb63955356e.png,ok,True,1103,747,823941,True
train,e34241f1-b93b-4a13-a8b7-fa832a99f4f8.png,ok,True,728,491,357448,True
train,e538d8a2-67df-4913-ac4b-66275f78760b.png,ok,True,853,592,504976,True
train,2e895439-634d-4d7c-b437-a354cc3ec046.png,ok,True,570,556,316920,True
train,f3f0de23-bdb0-47a3-b45e-9f2f5242848a.png,ok,True,1063,492,522996,True
train,a0ebbe4d-ec8f-4f04-8e0a-bb61cc16f6ab.png,ok,True,831,525,436275,True
train,8ec664de-169d-4177-b04f-ab47a5ae0df6.png,ok,True,793,531,421083,True
train,f4a46fdb-a269-4c11-ac7d-dbe4053c7c43.png,ok,True,688,490,337120,True
train,d6e63634-3c8a-4321-ac87-e01706d92db6.png,ok,True,933,868,809844,True
train,a2b87f95-2346-43a6-a3a3-8f0ffa31737f.png,ok,True,1004,863,866452,True
train,5100ff59-236a-40e7-b098-6ef3916dbcdf.png,ok,True,939,919,862941,True
train,e0161323-b293-46f5-9037-3a23f8599478.png,ok,True,948,902,855096,True
train,5f7c895f-6d5d-4e41-9d3d-1374468fb005.png,ok,True,697,685,477445,True
train,e9305707-50eb-4607-9d78-543890817e3f.png,ok,True,727,690,501630,True
train,7ef3eb05-eb11-44f0-9706-c6048153c618.png,ok,True,573,438,250974,True
train,b9b0bf05-24c0-4fca-a9e8-3838f5bf6002.png,ok,True,837,579,484623,True
train,57ec4dcb-f1ca-4501-a215-af2445ea4987.png,ok,True,1600,407,651200,True
train,20e693ff-2b58-4c5f-ad27-7b687a317a3c.png,ok,True,822,611,502242,True
train,71d57866-de4a-4853-8f9b-ea76b3375be8.png,ok,True,853,591,504123,True
train,840c962d-2c6f-464f-b471-c9524074cda5.png,ok,True,1600,498,796800,True
train,49042bd6-ce58-4b18-bdca-88d3ca6e9a1c.png,ok,True,1023,497,508431,True
train,ead475fe-c636-4358-a8c5-b2200a23f61d.png,ok,True,1059,542,573978,True
train,fceeb3d5-d412-43e0-8bf2-625f06a18ed4.png,ok,True,1004,521,523084,True
train,8146066b-2d53-41f8-80c1-0820d41c2711.png,ok,True,920,496,456320,True
train,b733f403-0b61-4227-9282-06f23654493e.png,ok,True,1242,1044,1296648,True
train,2b907a99-3cff-4cfd-8e91-28425e81d664.png,ok,True,1447,579,837813,True
train,b4a6c0b2-c086-4d7c-9d91-1a91692d7295.png,ok,True,1234,373,460282,True
train,b2f01759-9614-4840-ba3d-3812127d2609.png,ok,True,1082,416,450112,True
train,e20c53f4-cbe9-4efe-a4a7-fe1e196de71c.png,ok,True,651,475,309225,True
train,a1acca39-d31d-4202-bf97-8bbeacfdb9a3.png,ok,True,1105,547,604435,True
train,af018a57-63ef-4e16-a89a-5cee55e0d83f.png,ok,True,1000,643,643000,True
train,8593f9a6-7101-4a40-9682-6e68eff4772c.png,ok,True,1101,591,650691,True
train,4f2ff983-fedd-4e14-b0f3-a989eb70cef3.png,ok,True,1033,637,658021,True
train,d0fb47ba-f5f4-4ffb-a353-4610f70bee54.png,ok,True,1069,604,645676,True
train,c4a0b631-5b82-4b44-b127-e0e430a01fb5.png,ok,True,823,550,452650,True
train,7b32f5e7-81b0-4c52-adcb-47c580ef9d0f.png,ok,True,780,553,431340,True
train,96e9aef1-c9c4-42ae-bcc1-221a4c78ecc8.png,ok,True,805,535,430675,True
train,f143bd62-03fb-46bb-b386-b0664519d9f0.png,ok,True,772,621,479412,True
train,b574c8e9-3791-4ebe-9a6a-f4c3b30ee0c9.png,ok,True,772,613,473236,True
train,d0a563a1-7dbc-46fe-a1e8-f8246d69ff9b.png,ok,True,762,244,185928,True
train,97c1c5ea-08ea-44e5-93bf-b1ffeb6eb278.png,ok,True,1001,932,932932,True
train,0c63c818-171c-4cd9-aa42-a2a42598be02.png,ok,True,968,933,903144,True
train,887f4608-9ea4-4421-a1cc-6343839b52b4.png,ok,True,1600,686,1097600,True
train,62120d70-636e-4ca7-a13f-c4ebc6ef06d9.png,ok,True,703,538,378214,True
train,18f75b51-7e14-4d46-968a-e470703bb7e3.png,ok,True,628,601,377428,True
train,255753e5-1fbf-455d-8dd8-845f18b3c521.png,ok,True,645,568,366360,True
train,20acb101-ca47-47c8-b900-a24d64369c96.png,ok,True,636,616,391776,True
train,762f9624-88e4-46fa-a270-6b19b3f5a338.png,ok,True,628,619,388732,True
train,5b3d8139-94f3-4ab4-800b-fce30f8667f6.png,ok,True,649,604,391996,True
train,15ba8ec6-7bfc-4b1c-88f5-774807380e0b.png,ok,True,613,595,364735,True
train,edf4f430-e67e-4966-8fc1-2bca5c715aab.png,ok,True,568,436,247648,True
train,4ab04fea-7d28-437e-81f7-203561836174.png,ok,True,1139,875,996625,True
train,397c5f5a-34bb-412c-b3b3-c2c40caea6c1.png,ok,True,1301,885,1151385,True
train,bf6f1b2e-4d19-4deb-9cce-da442b9f0ced.png,ok,True,814,610,496540,True
train,76aa1804-387a-49ac-994e-4b530aa5b195.png,ok,True,646,619,399874,True
train,1cea9030-394b-4e85-b264-28152acca5a9.png,ok,True,466,366,170556,True
train,22aa87d7-0cba-4d35-a1bc-c3d7499de0ba.png,ok,True,871,673,586183,True
train,c8f56493-c928-46b9-a8d6-556193869d54.png,ok,True,826,678,560028,True
train,bb08fa8e-230b-4459-b537-feffcaf468f1.png,ok,True,1222,670,818740,True
train,81005678-9c93-4f38-8797-6b55b3a8d782.png,ok,True,748,481,359788,True
train,b971626c-8968-4421-9b09-e1423f86bf29.png,ok,True,711,567,403137,True
train,7506446f-0758-48f1-a115-cb2a17b0a8fc.png,ok,True,637,640,407680,True
train,2e871247-f07a-4f00-a91d-630ce5cad11d.png,ok,True,663,642,425646,True
train,99f65666-aa88-477b-95c4-a71df411d5da.png,ok,True,649,652,423148,True
train,4e011802-7631-4338-8c63-92ad3bc3f3a8.png,ok,True,646,658,425068,True
public_test,b05004af-2448-458e-901e-1b154528ca02.png,ok,True,1302,951,1238202,True
public_test,354caec1-2a23-4d1e-9f3d-2fcaf8058fc1.png,ok,True,1266,878,1111548,True
public_test,06f7cb3e-5431-4f2c-9885-eba7495a377b.png,ok,True,1255,879,1103145,True
public_test,428258cd-9b2b-4d01-967b-b6445362ea0f.png,ok,True,1256,930,1168080,True
public_test,7f27d156-3375-42f2-96ef-d0076c3152f4.png,ok,True,1312,912,1196544,True
public_test,7a9952ce-a9b1-469d-b895-1ecbe02adef2.png,ok,True,1255,958,1202290,True
public_test,a223f08d-b23b-4e82-a037-a9630b847c28.png,ok,True,1279,970,1240630,True
public_test,9ed195ad-b1e5-4079-aa10-267776b6091e.png,ok,True,1258,947,1191326,True
public_test,316e1a59-cad8-4ed2-883f-0dd8a5ab0a9d.png,ok,True,1265,1009,1276385,True
public_test,05101ddf-e6cf-4965-83b4-51d0aa3eb9d5.png,ok,True,1288,944,1215872,True
public_test,a0874c8c-9a83-4a33-8d35-ae4d74564703.png,ok,True,703,489,343767,True
public_test,3b6321c6-1ca5-49fd-b43a-2673488215c2.png,ok,True,698,483,337134,True
public_test,baba4667-a334-4a39-88d7-7adcb56425ac.png,ok,True,691,496,342736,True
public_test,9a3fd5f9-bf4a-4a47-aaba-077cf59cffee.png,ok,True,1131,517,584727,True
public_test,f4623e89-1508-4650-a7b9-9a4edf17b3e1.png,ok,True,1126,522,587772,True
public_test,07479178-f07a-4110-8672-159585bb636f.png,ok,True,1147,522,598734,True
public_test,b05f88d0-6159-47d0-8688-7144651a7d01.png,ok,True,937,654,612798,True
public_test,78e21af7-0e0e-4474-94e5-11140ffd27a3.png,ok,True,1600,741,1185600,True
public_test,b4124785-75cc-4f0e-ad4e-25d5b3b70d05.png,ok,True,805,634,510370,True
public_test,3bec6ff0-7b4d-4370-94f1-9c855d36d436.png,ok,True,796,612,487152,True
public_test,2f9c57da-9a83-4067-a2da-d674b3d9826e.png,ok,True,774,574,444276,True
public_test,0640f056-1def-44f1-a4fc-2bafba6651c4.png,ok,True,778,571,444238,True
public_test,77ec6672-14b5-4ef9-bee0-62408190307f.png,ok,True,780,637,496860,True
public_test,b371f5a9-42a2-4ec2-a554-db6e217429a1.png,ok,True,754,639,481806,True
public_test,62b510e5-15c3-4c46-967c-372176b0bd4d.png,ok,True,1350,994,1341900,True
public_test,6c0911dd-7a51-42ba-8e10-6343bfeb1c69.png,ok,True,575,625,359375,True
public_test,13e115fd-dbc6-4df5-b6d6-3a79f3353ebe.png,ok,True,508,635,322580,True
public_test,4ef5de32-0d57-4e35-9328-c2ff8da0bceb.png,ok,True,1600,801,1281600,True
public_test,43d57e63-6af7-42c4-aa4c-3077d512788e.png,ok,True,835,574,479290,True
public_test,bd062164-5bd0-43bb-9ee3-15e1b5c6305d.png,ok,True,550,388,213400,True
public_test,8d9fb0be-8aa6-40a3-8c45-9215ac5cdb85.png,ok,True,1009,586,591274,True
public_test,b42a0a50-7004-4ce4-a94f-ddbb5caad50b.png,ok,True,744,478,355632,True
public_test,526ab4b8-a979-423f-84c0-997021186e77.png,ok,True,1600,390,624000,True
public_test,03800b52-4f57-4fa4-9d41-db18a9dd511a.png,ok,True,1434,711,1019574,True
public_test,31854725-508e-4207-a106-f57b3f18334f.png,ok,True,1450,720,1044000,True
public_test,18d5dfc4-7f15-41ee-af48-440b2f05a83e.png,ok,True,1447,725,1049075,True
public_test,04ddcfc1-deea-424c-a439-b7b13726d467.png,ok,True,744,652,485088,True
public_test,21c3312b-4458-4511-9454-b6af16ad699c.png,ok,True,761,638,485518,True
public_test,cab4dec9-a537-4a90-9431-daa8a002d53c.png,ok,True,718,511,366898,True
public_test,0a09752f-a54c-4506-b4db-61e0c8e8f0b3.png,ok,True,667,487,324829,True
public_test,68ba3ef1-119a-4f7e-8651-3d5d9e694c54.png,ok,True,715,481,343915,True
public_test,d5d88c9c-928b-4592-afa7-a87473fc815c.png,ok,True,675,487,328725,True
public_test,1e4d80b5-daa6-4c2e-af29-4a26e1b2cd71.png,ok,True,691,469,324079,True
public_test,e779a8af-62cb-474d-b156-e31a671c8b52.png,ok,True,708,469,332052,True
public_test,32fc5c44-dbb0-46db-8472-1faeb6eadb00.png,ok,True,780,540,421200,True
public_test,391393eb-902a-4f28-b7c9-4de603f52cb8.png,ok,True,795,568,451560,True
public_test,0059817e-3b8f-4abe-a6ab-149a48319b72.png,ok,True,786,403,316758,True
public_test,7f19f89f-ca85-4fd7-bc76-6913e1380c15.png,ok,True,799,601,480199,True
public_test,b850d918-b62a-4516-bf95-35c7e781fc15.png,ok,True,794,597,474018,True
public_test,85387fdd-d4a9-42bb-8bf4-2eae607a948c.png,ok,True,681,537,365697,True
public_test,14e17938-8eea-4d3a-8a18-7881bd71e647.png,ok,True,687,487,334569,True
public_test,17c9541d-b1e6-41dc-8fd0-d3b09ee84710.png,ok,True,682,478,325996,True
public_test,c57ab530-2070-4b0e-af3b-d51bcf61ea8b.png,ok,True,688,526,361888,True
public_test,76796b8e-ed3b-4c56-bbd3-53baeb9efbc5.png,ok,True,682,520,354640,True
public_test,88aba236-1aaf-4424-9b44-27a76372deb0.png,ok,True,1275,695,886125,True
public_test,fddae0e6-1ae9-47ad-9e62-2e23385ffab1.png,ok,True,553,430,237790,True
public_test,1bd23f2d-2018-468c-bfba-e4eac7fe7811.png,ok,True,1053,538,566514,True
public_test,41ba5403-f6b3-43c4-b177-4b572afca2b9.png,ok,True,1108,517,572836,True
public_test,d92ef726-6d63-454b-83b4-2bff56cf4178.png,ok,True,1109,544,603296,True
public_test,9ccd08ec-17a6-4701-8390-36d04362ed67.png,ok,True,1085,526,570710,True
public_test,d04c0814-8194-44ec-989d-c4845d71929c.png,ok,True,1126,564,635064,True
